{"train/learning_rate":7.894736842105262e-08,"reward/formatting_avg":7.8125,"mean_entropy":0.5242278575897217,"train/reward":15.3125,"train/grad_norm":2.794008255004883,"completions":{"_latest_artifact_path":"wandb-client-artifact://6tlvwy50jibnxlrzlul0vh7wbko5mz05qn1hrns356860al4jsmnxfwv2atkm8ywfbc61pdhs902t0jdjr26ui9raoct1yc1czt7c2kzbmo6j1cjp1cfpg84ay6qt11r:latest/completions.table.json","path":"media/table/completions_23_030b8bc72b89b32b5d37.table.json","ncols":4,"nrows":8,"_type":"table-file","sha256":"030b8bc72b89b32b5d3759f5468da5409ffa4a6d41ee0bb526fb0b40886152fd","size":11114,"artifact_path":"wandb-client-artifact://lpppg5511i1gh9r8idoa1uaibd038p1gn6853a774zeqfdcjowmphld61l55bdys476yqjl6w4lr59omiyunt2v3d8c2q93nk2yivl4pqbi54whxc8tpc6imsm9hpuih/completions.table.json"},"train/global_step":3,"_runtime":48.193781652,"_step":32,"_wandb":{"runtime":51},"train/epoch":0.0004014452027298274,"reward/correctness_avg":7.5,"train/rewards/final_reward":15.3125,"reward/total_avg":15.3125,"train/kl":0.0029072153847664595,"_timestamp":1.7555291846742997e+09,"train/completion_length":2222,"train/loss":-1.3613}