{"train/learning_rate":5.3333333333333334e-08,"train/rewards/final_reward":13.583333969116211,"train/reward":13.583333969116211,"completions":{"artifact_path":"wandb-client-artifact://f8gcgz6ldrtkzpjdwrmqjuhoyih3jiwz0a4az1b9xaamsztfxoxt438zpv34ffpw1crqt3c7i8xgzctl1y5yxjr7lp95a6jhq354pacvw9t07j28qrzxcche3n3esu5i/completions.table.json","_latest_artifact_path":"wandb-client-artifact://j6majdi2ugu7nk0nddjb7xsa7tupk0mpwr85jk77x72i4rrwch6r27k1lieamwgppq158t95sdh0u88bckktjm35kqzt8giuh60w4tyrmef3ynic2j725fs1dckzbucp:latest/completions.table.json","path":"media/table/completions_16_51a1612847f5ea86368a.table.json","ncols":4,"nrows":12,"_type":"table-file","sha256":"51a1612847f5ea86368adea3e881344da43af9ce8109e2134b0bf83268547499","size":19709},"reward/total_avg":13.583333333333334,"_step":29,"mean_entropy":0.4154878556728363,"_wandb":{"runtime":40},"train/completion_length":4084,"reward/correctness_avg":5.833333333333333,"train/kl":0,"train/epoch":0.00026763013515321824,"_runtime":33.158114783,"train/grad_norm":11.081747055053711,"train/loss":1.3912,"_timestamp":1.755616414757081e+09,"reward/formatting_avg":7.75,"train/global_step":2}