{"_timestamp":1.7556160189379387e+09,"train/loss":4.8637,"train/learning_rate":2.6666666666666667e-08,"train/rewards/final_reward":4.2916669845581055,"train/reward":4.2916669845581055,"train/kl":0,"mean_entropy":1.4783457517623901,"train/grad_norm":9.555746078491211,"train/completion_length":4338,"_step":14,"train/epoch":0.00013333333333333334,"reward/total_avg":4.291666666666667,"completions":{"artifact_path":"wandb-client-artifact://lagnxij8bsc0d36mea41rcriclrhu8hh7b5eiclgfp6rwn1ziq5679xz3v1a272jb975qy7wrmbnd3huuimnwyo4o9fbj5hlqgifam040820f9vejolon4wxuizzu3cj/completions.table.json","_latest_artifact_path":"wandb-client-artifact://5zghgsp3xpcjrcsqmz85n3zsq5pnaiwdtg33v4ldc4oblup3pq2itj14zvp89pag5s2kd7392ashi733g7mupf657e6eep0d39r2bgzp8clm9r9h2xse9rphqi2c2khz:latest/completions.table.json","path":"media/table/completions_1_8983e2a6e51f12de38f1.table.json","ncols":4,"nrows":12,"_type":"table-file","sha256":"8983e2a6e51f12de38f1e45e07bc05e039f76ab63b962f6064059a8eb1cb3a16","size":24435},"train/global_step":1,"_runtime":35.982647244,"_wandb":{"runtime":87},"reward/formatting_avg":4.291666666666667,"reward/correctness_avg":0}