{"train/rewards/final_reward":4.2916669845581055,"train/loss":4.7988,"reward/total_avg":7.75,"train/kl":0,"train/grad_norm":9.246179580688477,"mean_entropy":0.3013138771057129,"reward/correctness_avg":0,"train/completion_length":4338,"train/global_step":1,"_wandb":{"runtime":98},"_timestamp":1.7556151090490022e+09,"reward/formatting_avg":7.75,"completions":{"nrows":12,"_type":"table-file","sha256":"aa82b51e048479b0440e2e95cf83ef35aa38412b94b0b65dc27fe29c47f99faa","size":24849,"artifact_path":"wandb-client-artifact://x4iriljv0li3w4nl1ccprs9lk6e2r5hlsto87r8urq0q3p58nxohjrji6vfyomj6u4zfjb8e4ftilfg6mg2uqgkgv5vrd3bq5c0ij7yp2dwj0r2kc4s8w4153urqsgpg/completions.table.json","_latest_artifact_path":"wandb-client-artifact://bf6s8kw6eybt0q8h7r7ch99hmv9iyj312fwtc3j4ztjv7daxl2d4i3uqo2ihoa9btfir8561n6ph3895oapmzcs5utqox1le3oas4qyfa1bmykwte5unalzgx2tee5mi:latest/completions.table.json","path":"media/table/completions_16_aa82b51e048479b0440e.table.json","ncols":4},"train/learning_rate":2.6666666666666667e-08,"_step":28,"train/epoch":0.00013333333333333334,"train/reward":4.2916669845581055,"_runtime":95.206675271}